Model,Test_RMSE,Test_R2,Overfitting,CV_RMSE
RandomForest,818.6096675510322,0.9868363310504221,0.008134228455046522,877.0768979075514
