Model,Test_RMSE,Test_MAE,Test_R2,Overfitting,CV_RMSE,CV_Std
GradientBoosting,1762.2627467394495,1234.1442881183368,0.9389959242595012,0.021454515487075998,1944.4812812546757,141.9051024579969
XGBoost,1875.4954996564516,1328.1038308962193,0.9309045287454503,0.027769764175300526,2003.11755565815,154.30608334370146
RandomForest,2143.871867520338,1533.2065496102978,0.9097150875546168,0.06194862154682035,2162.8612514668166,182.95033654054768
Ridge,3416.383194885848,2688.7449577202156,0.7707281769422948,0.02124751194390284,4112.430418343555,647.0088843407189
